Income,Age,Loan,Loan_to_Income,Default
45000,35,5000,0.1111111111111111,0
52000,42,7000,0.1346153846153846,0
30000,28,9000,0.3,1
75000,50,4000,0.05333333333333334,0
62000,45,6000,0.0967741935483871,0
28000,25,10000,0.35714285714285715,1
90000,55,3000,0.03333333333333333,0
40000,32,8000,0.2,1
55000,39,6500,0.11818181818181818,0
68000,47,4500,0.0661764705882353,0
